algorithm,dimension,TP,FN,FP,TN,sensitivity,specificity,precision,neg_predictive_value,accuracy_biased,accuracy_balanced,f1_score
adam,1,0,105,0,53,0.0,1.0,nan,0.33544303797468356,0.33544303797468356,0.5,nan
adam,2,0,105,0,53,0.0,1.0,nan,0.33544303797468356,0.33544303797468356,0.5,nan
adam,3,0,105,0,53,0.0,1.0,nan,0.33544303797468356,0.33544303797468356,0.5,nan
rda,1,0,105,0,53,0.0,1.0,nan,0.33544303797468356,0.33544303797468356,0.5,nan
rda,2,0,105,0,53,0.0,1.0,nan,0.33544303797468356,0.33544303797468356,0.5,nan
rda,3,38,67,0,53,0.3619047619047619,1.0,1.0,0.44166666666666665,0.5759493670886076,0.680952380952381,0.5314685314685315
arow,1,0,105,0,53,0.0,1.0,nan,0.33544303797468356,0.33544303797468356,0.5,nan
arow,2,64,41,0,53,0.6095238095238096,1.0,1.0,0.5638297872340425,0.740506329113924,0.8047619047619048,0.7573964497041421
arow,3,100,5,0,53,0.9523809523809523,1.0,1.0,0.9137931034482759,0.9683544303797469,0.9761904761904762,0.975609756097561
scw,1,1,104,0,53,0.009523809523809525,1.0,1.0,0.3375796178343949,0.34177215189873417,0.5047619047619047,0.01886792452830189
scw,2,101,4,0,53,0.9619047619047619,1.0,1.0,0.9298245614035088,0.9746835443037974,0.980952380952381,0.9805825242718447
scw,3,101,4,0,53,0.9619047619047619,1.0,1.0,0.9298245614035088,0.9746835443037974,0.980952380952381,0.9805825242718447
nherd,1,0,105,0,53,0.0,1.0,nan,0.33544303797468356,0.33544303797468356,0.5,nan
nherd,2,0,105,0,53,0.0,1.0,nan,0.33544303797468356,0.33544303797468356,0.5,nan
nherd,3,73,32,0,53,0.6952380952380952,1.0,1.0,0.6235294117647059,0.7974683544303798,0.8476190476190476,0.8202247191011236
pa,1,0,105,0,53,0.0,1.0,nan,0.33544303797468356,0.33544303797468356,0.5,nan
pa,2,0,105,0,53,0.0,1.0,nan,0.33544303797468356,0.33544303797468356,0.5,nan
pa,3,0,105,0,53,0.0,1.0,nan,0.33544303797468356,0.33544303797468356,0.5,nan
pa1,1,0,105,0,53,0.0,1.0,nan,0.33544303797468356,0.33544303797468356,0.5,nan
pa1,2,62,43,0,53,0.5904761904761905,1.0,1.0,0.5520833333333334,0.7278481012658228,0.7952380952380953,0.7425149700598802
pa1,3,85,20,0,53,0.8095238095238095,1.0,1.0,0.726027397260274,0.8734177215189873,0.9047619047619048,0.8947368421052632
pa2,1,0,105,0,53,0.0,1.0,nan,0.33544303797468356,0.33544303797468356,0.5,nan
pa2,2,0,105,0,53,0.0,1.0,nan,0.33544303797468356,0.33544303797468356,0.5,nan
pa2,3,0,105,0,53,0.0,1.0,nan,0.33544303797468356,0.33544303797468356,0.5,nan
