algorithm,dimension,TP,FN,FP,TN,sensitivity,specificity,precision,neg_predictive_value,accuracy_biased,accuracy_balanced,f1_score
adam,1,0,105,0,53,0.0,1.0,nan,0.33544303797468356,0.33544303797468356,0.5,nan
adam,2,0,105,0,53,0.0,1.0,nan,0.33544303797468356,0.33544303797468356,0.5,nan
adam,3,0,105,0,53,0.0,1.0,nan,0.33544303797468356,0.33544303797468356,0.5,nan
rda,1,0,105,0,53,0.0,1.0,nan,0.33544303797468356,0.33544303797468356,0.5,nan
rda,2,0,105,0,53,0.0,1.0,nan,0.33544303797468356,0.33544303797468356,0.5,nan
rda,3,31,74,0,53,0.29523809523809524,1.0,1.0,0.41732283464566927,0.5316455696202531,0.6476190476190476,0.45588235294117646
arow,1,0,105,0,53,0.0,1.0,nan,0.33544303797468356,0.33544303797468356,0.5,nan
arow,2,62,43,0,53,0.5904761904761905,1.0,1.0,0.5520833333333334,0.7278481012658228,0.7952380952380953,0.7425149700598802
arow,3,99,6,0,53,0.9428571428571428,1.0,1.0,0.8983050847457628,0.9620253164556962,0.9714285714285714,0.9705882352941176
scw,1,1,104,0,53,0.009523809523809525,1.0,1.0,0.3375796178343949,0.34177215189873417,0.5047619047619047,0.01886792452830189
scw,2,94,11,0,53,0.8952380952380953,1.0,1.0,0.828125,0.930379746835443,0.9476190476190476,0.9447236180904524
scw,3,97,8,0,53,0.9238095238095239,1.0,1.0,0.8688524590163934,0.9493670886075949,0.9619047619047619,0.9603960396039605
nherd,1,0,105,0,53,0.0,1.0,nan,0.33544303797468356,0.33544303797468356,0.5,nan
nherd,2,0,105,0,53,0.0,1.0,nan,0.33544303797468356,0.33544303797468356,0.5,nan
nherd,3,71,34,0,53,0.6761904761904762,1.0,1.0,0.6091954022988506,0.7848101265822784,0.8380952380952381,0.8068181818181819
pa,1,0,105,0,53,0.0,1.0,nan,0.33544303797468356,0.33544303797468356,0.5,nan
pa,2,0,105,0,53,0.0,1.0,nan,0.33544303797468356,0.33544303797468356,0.5,nan
pa,3,0,105,0,53,0.0,1.0,nan,0.33544303797468356,0.33544303797468356,0.5,nan
pa1,1,0,105,0,53,0.0,1.0,nan,0.33544303797468356,0.33544303797468356,0.5,nan
pa1,2,57,48,0,53,0.5428571428571428,1.0,1.0,0.5247524752475248,0.6962025316455697,0.7714285714285714,0.7037037037037037
pa1,3,82,23,0,53,0.780952380952381,1.0,1.0,0.6973684210526315,0.8544303797468354,0.8904761904761904,0.877005347593583
pa2,1,0,105,0,53,0.0,1.0,nan,0.33544303797468356,0.33544303797468356,0.5,nan
pa2,2,0,105,0,53,0.0,1.0,nan,0.33544303797468356,0.33544303797468356,0.5,nan
pa2,3,0,105,0,53,0.0,1.0,nan,0.33544303797468356,0.33544303797468356,0.5,nan
