algorithm,dimension,TP,FN,FP,TN,sensitivity,specificity,precision,neg_predictive_value,accuracy_biased,accuracy_balanced,f1_score
adam,1,0,105,0,53,0.0,1.0,nan,0.33544303797468356,0.33544303797468356,0.5,nan
adam,2,0,105,0,53,0.0,1.0,nan,0.33544303797468356,0.33544303797468356,0.5,nan
adam,3,0,105,0,53,0.0,1.0,nan,0.33544303797468356,0.33544303797468356,0.5,nan
rda,1,0,105,0,53,0.0,1.0,nan,0.33544303797468356,0.33544303797468356,0.5,nan
rda,2,0,105,0,53,0.0,1.0,nan,0.33544303797468356,0.33544303797468356,0.5,nan
rda,3,6,99,0,53,0.05714285714285714,1.0,1.0,0.34868421052631576,0.37341772151898733,0.5285714285714286,0.1081081081081081
arow,1,0,105,0,53,0.0,1.0,nan,0.33544303797468356,0.33544303797468356,0.5,nan
arow,2,54,51,0,53,0.5142857142857142,1.0,1.0,0.5096153846153846,0.6772151898734177,0.7571428571428571,0.6792452830188679
arow,3,93,12,0,53,0.8857142857142857,1.0,1.0,0.8153846153846154,0.9240506329113924,0.9428571428571428,0.9393939393939393
scw,1,1,104,0,53,0.009523809523809525,1.0,1.0,0.3375796178343949,0.34177215189873417,0.5047619047619047,0.01886792452830189
scw,2,59,46,0,53,0.5619047619047619,1.0,1.0,0.5353535353535354,0.7088607594936709,0.780952380952381,0.7195121951219512
scw,3,60,45,0,53,0.5714285714285714,1.0,1.0,0.5408163265306123,0.7151898734177216,0.7857142857142857,0.7272727272727273
nherd,1,0,105,0,53,0.0,1.0,nan,0.33544303797468356,0.33544303797468356,0.5,nan
nherd,2,0,105,0,53,0.0,1.0,nan,0.33544303797468356,0.33544303797468356,0.5,nan
nherd,3,64,41,0,53,0.6095238095238096,1.0,1.0,0.5638297872340425,0.740506329113924,0.8047619047619048,0.7573964497041421
pa,1,0,105,0,53,0.0,1.0,nan,0.33544303797468356,0.33544303797468356,0.5,nan
pa,2,0,105,0,53,0.0,1.0,nan,0.33544303797468356,0.33544303797468356,0.5,nan
pa,3,0,105,0,53,0.0,1.0,nan,0.33544303797468356,0.33544303797468356,0.5,nan
pa1,1,0,105,0,53,0.0,1.0,nan,0.33544303797468356,0.33544303797468356,0.5,nan
pa1,2,24,81,0,53,0.22857142857142856,1.0,1.0,0.39552238805970147,0.4873417721518987,0.6142857142857143,0.3720930232558139
pa1,3,62,43,0,53,0.5904761904761905,1.0,1.0,0.5520833333333334,0.7278481012658228,0.7952380952380953,0.7425149700598802
pa2,1,0,105,0,53,0.0,1.0,nan,0.33544303797468356,0.33544303797468356,0.5,nan
pa2,2,0,105,0,53,0.0,1.0,nan,0.33544303797468356,0.33544303797468356,0.5,nan
pa2,3,0,105,0,53,0.0,1.0,nan,0.33544303797468356,0.33544303797468356,0.5,nan
